,bathroom_ct,bedroom_ct,home_sqft,Population,Median Age,Household Income,Per Capita Income,Poverty Rate,Population 25 and Over,Rate 25 and Over w/ less than 1st grade,Rate 25 and Over w/ Some or Completed Elementary School,Rate 25 and Over w/ Some or Completed Middle School,Rate 25 and Over w/ Some High School,Rate 25 and Over w/ Completed High School or Equivalent,"Rate 25 and Over w/ Some college, less than 1 year","Rate 25 and Over w/ Some college, 1 or more years",Rate 25 and Over w/ Associate's degree,Rate 25 and Over w/ Bachelor's degree,Rate 25 and Over w/ Master's degree,Rate 25 and Over w/ Professional school degree,Rate 25 and Over w/ Doctorate degree
0,0.6860768170993282,0.9318579042178584,751.8466063401595,17663.256624788195,7.73332043755908,19390.23166613538,11467.627604894544,0.08724506030565327,10786.885089688445,0.013552346484473895,0.03543892450824096,0.02231463144307962,0.048190636040358864,0.07821418945427325,0.023469811780156287,0.0320472924087065,0.023620097079938555,0.08396110023745432,0.040185007753427336,0.015756540538916813,0.008433995772516509
